,Name,Num Entries,Year,Time,Record Identifier,Status of System,Latitude,Longitude,Maximum Sustained Wind,Minimum Pressure,34-knot Wind Radii NE,34-knot Wind Radii SE,34-knot Wind Radii SW,34-knot Wind Radii NW,50-knot Wind Radii NE,50-knot Wind Radii SE,50-knot Wind Radii SW,50-knot Wind Radii NW,64-knot Wind Radii NE,64-knot Wind Radii SE,64-knot Wind Radii SW,64-knot Wind Radii NW
56114,               GERT,67,9/1/2023, 0000,  , TD, 28.8N,  56.4W,30.0,1006.0,0.0,0.0,0.0,0.0,0.0,0.0,0.0,0.0,0.0,0.0,0.0,0.0
56115,               GERT,67,9/1/2023, 0600,  , TD, 28.8N,  55.7W,30.0,1006.0,0.0,0.0,0.0,0.0,0.0,0.0,0.0,0.0,0.0,0.0,0.0,0.0
56116,               GERT,67,9/1/2023,1200,  , TD, 28.4N,  55.2W,30.0,1006.0,0.0,0.0,0.0,0.0,0.0,0.0,0.0,0.0,0.0,0.0,0.0,0.0
56117,               GERT,67,9/1/2023,1800,  , TS, 27.9N,  54.8W,35.0,1005.0,0.0,30.0,30.0,0.0,0.0,0.0,0.0,0.0,0.0,0.0,0.0,0.0
56118,               GERT,67,9/2/2023, 0000,  , TS, 27.7N,  54.6W,35.0,1005.0,0.0,30.0,30.0,0.0,0.0,0.0,0.0,0.0,0.0,0.0,0.0,0.0
56119,               GERT,67,9/2/2023, 0600,  , TS, 27.6N,  54.4W,40.0,1003.0,20.0,40.0,40.0,0.0,0.0,0.0,0.0,0.0,0.0,0.0,0.0,0.0
56120,               GERT,67,9/2/2023,1200,  , TS, 27.7N,  54.1W,45.0,999.0,20.0,50.0,40.0,0.0,0.0,0.0,0.0,0.0,0.0,0.0,0.0,0.0
56121,               GERT,67,9/2/2023,1800,  , TS, 28.1N,  53.8W,45.0,999.0,30.0,50.0,40.0,0.0,0.0,0.0,0.0,0.0,0.0,0.0,0.0,0.0
56122,               GERT,67,9/3/2023, 0000,  , TS, 28.6N,  53.5W,50.0,998.0,30.0,50.0,40.0,0.0,0.0,30.0,0.0,0.0,0.0,0.0,0.0,0.0
56123,               GERT,67,9/3/2023, 0600,  , TS, 29.3N,  53.0W,50.0,998.0,30.0,50.0,40.0,0.0,0.0,30.0,0.0,0.0,0.0,0.0,0.0,0.0
56124,               GERT,67,9/3/2023,1200,  , TS, 30.4N,  52.4W,50.0,998.0,30.0,50.0,40.0,0.0,0.0,30.0,0.0,0.0,0.0,0.0,0.0,0.0
56125,               GERT,67,9/3/2023,1800,  , TS, 31.9N,  51.6W,45.0,999.0,30.0,50.0,30.0,0.0,0.0,0.0,0.0,0.0,0.0,0.0,0.0,0.0
56126,               GERT,67,9/4/2023, 0000,  , TS, 33.9N,  50.9W,45.0,1000.0,40.0,50.0,30.0,0.0,0.0,0.0,0.0,0.0,0.0,0.0,0.0,0.0
56127,               GERT,67,9/4/2023, 0600,  , TS, 36.5N,  50.7W,45.0,1000.0,40.0,60.0,30.0,0.0,0.0,0.0,0.0,0.0,0.0,0.0,0.0,0.0
56128,               GERT,67,9/4/2023,1200,  , LO, 39.4N,  50.8W,40.0,1001.0,40.0,60.0,0.0,0.0,0.0,0.0,0.0,0.0,0.0,0.0,0.0,0.0
56209,           FRANKLIN,86,9/1/2023, 0000,  , HU, 36.4N,  59.7W,75.0,975.0,120.0,140.0,140.0,80.0,80.0,80.0,70.0,40.0,40.0,50.0,40.0,20.0
56210,           FRANKLIN,86,9/1/2023, 0600,  , HU, 37.4N,  58.2W,70.0,978.0,110.0,150.0,130.0,150.0,70.0,80.0,70.0,60.0,40.0,40.0,40.0,30.0
56211,           FRANKLIN,86,9/1/2023,1200,  , HU, 38.2N,  56.6W,65.0,982.0,100.0,160.0,120.0,220.0,50.0,90.0,80.0,80.0,30.0,30.0,50.0,50.0
56212,           FRANKLIN,86,9/1/2023,1800,  , EX, 38.8N,  54.6W,70.0,979.0,180.0,200.0,150.0,230.0,50.0,90.0,80.0,80.0,30.0,30.0,50.0,50.0
56213,           FRANKLIN,86,9/2/2023, 0000,  , EX, 39.6N,  52.0W,70.0,979.0,270.0,240.0,180.0,240.0,60.0,100.0,100.0,90.0,0.0,40.0,50.0,50.0
56214,           FRANKLIN,86,9/2/2023, 0600,  , EX, 41.2N,  48.8W,70.0,980.0,270.0,240.0,180.0,240.0,60.0,100.0,100.0,90.0,0.0,40.0,50.0,50.0
56215,           FRANKLIN,86,9/2/2023,1200,  , EX, 43.0N,  45.9W,65.0,981.0,270.0,240.0,210.0,180.0,90.0,110.0,90.0,90.0,0.0,0.0,60.0,60.0
56216,           FRANKLIN,86,9/2/2023,1800,  , EX, 44.8N,  43.4W,65.0,982.0,280.0,250.0,200.0,180.0,120.0,120.0,90.0,100.0,0.0,0.0,70.0,70.0
56217,           FRANKLIN,86,9/3/2023, 0000,  , EX, 45.8N,  41.0W,65.0,984.0,280.0,250.0,200.0,200.0,120.0,120.0,120.0,90.0,0.0,90.0,90.0,0.0
56218,           FRANKLIN,86,9/3/2023, 0600,  , EX, 46.4N,  38.7W,60.0,986.0,200.0,250.0,200.0,180.0,60.0,90.0,100.0,100.0,0.0,0.0,0.0,0.0
56219,           FRANKLIN,86,9/3/2023,1200,  , EX, 47.0N,  36.2W,55.0,988.0,130.0,250.0,220.0,180.0,0.0,60.0,100.0,100.0,0.0,0.0,0.0,0.0
56220,           FRANKLIN,86,9/3/2023,1800,  , EX, 47.7N,  33.4W,55.0,990.0,130.0,250.0,220.0,180.0,0.0,60.0,100.0,100.0,0.0,0.0,0.0,0.0
56221,           FRANKLIN,86,9/4/2023, 0000,  , EX, 47.8N,  30.8W,50.0,991.0,130.0,180.0,220.0,180.0,0.0,60.0,80.0,0.0,0.0,0.0,0.0,0.0
56222,           FRANKLIN,86,9/4/2023, 0600,  , EX, 47.5N,  28.6W,45.0,993.0,130.0,180.0,200.0,210.0,0.0,0.0,0.0,0.0,0.0,0.0,0.0,0.0
56223,           FRANKLIN,86,9/4/2023,1200,  , EX, 47.1N,  27.3W,40.0,994.0,0.0,0.0,200.0,240.0,0.0,0.0,0.0,0.0,0.0,0.0,0.0,0.0
56224,           FRANKLIN,86,9/4/2023,1800,  , EX, 46.7N,  26.8W,40.0,995.0,0.0,0.0,210.0,210.0,0.0,0.0,0.0,0.0,0.0,0.0,0.0,0.0
56225,           FRANKLIN,86,9/5/2023, 0000,  , EX, 46.0N,  26.6W,40.0,995.0,0.0,0.0,210.0,210.0,0.0,0.0,0.0,0.0,0.0,0.0,0.0,0.0
56226,           FRANKLIN,86,9/5/2023, 0600,  , EX, 44.6N,  26.3W,40.0,995.0,0.0,0.0,210.0,150.0,0.0,0.0,0.0,0.0,0.0,0.0,0.0,0.0
56227,           FRANKLIN,86,9/5/2023,1200,  , EX, 42.8N,  25.4W,40.0,995.0,0.0,0.0,210.0,120.0,0.0,0.0,0.0,0.0,0.0,0.0,0.0,0.0
56228,           FRANKLIN,86,9/5/2023,1800,  , EX, 41.0N,  23.8W,40.0,995.0,0.0,0.0,180.0,120.0,0.0,0.0,0.0,0.0,0.0,0.0,0.0,0.0
56229,           FRANKLIN,86,9/6/2023, 0000,  , EX, 40.1N,  21.6W,35.0,995.0,0.0,120.0,150.0,0.0,0.0,0.0,0.0,0.0,0.0,0.0,0.0,0.0
56230,           FRANKLIN,86,9/6/2023, 0600,  , EX, 40.1N,  19.4W,35.0,995.0,0.0,120.0,150.0,0.0,0.0,0.0,0.0,0.0,0.0,0.0,0.0,0.0
56231,           FRANKLIN,86,9/6/2023,1200,  , EX, 41.3N,  17.7W,40.0,993.0,0.0,120.0,150.0,0.0,0.0,0.0,0.0,0.0,0.0,0.0,0.0,0.0
56232,           FRANKLIN,86,9/6/2023,1800,  , EX, 43.3N,  16.5W,45.0,992.0,60.0,120.0,90.0,0.0,0.0,0.0,0.0,0.0,0.0,0.0,0.0,0.0
56233,           FRANKLIN,86,9/7/2023, 0000,  , EX, 45.4N,  16.0W,50.0,991.0,120.0,90.0,30.0,60.0,30.0,30.0,0.0,0.0,0.0,0.0,0.0,0.0
56234,           FRANKLIN,86,9/7/2023, 0600,  , EX, 46.8N,  16.1W,50.0,991.0,120.0,90.0,30.0,60.0,30.0,30.0,0.0,0.0,0.0,0.0,0.0,0.0
56235,           FRANKLIN,86,9/7/2023,1200,  , EX, 47.7N,  16.3W,45.0,993.0,120.0,90.0,30.0,60.0,0.0,0.0,0.0,0.0,0.0,0.0,0.0,0.0
56236,           FRANKLIN,86,9/7/2023,1800,  , EX, 48.5N,  16.5W,40.0,996.0,0.0,80.0,0.0,0.0,0.0,0.0,0.0,0.0,0.0,0.0,0.0,0.0
56237,           FRANKLIN,86,9/8/2023, 0000,  , EX, 48.5N,  17.2W,35.0,998.0,0.0,80.0,0.0,0.0,0.0,0.0,0.0,0.0,0.0,0.0,0.0,0.0
56238,           FRANKLIN,86,9/8/2023, 0600,  , EX, 48.3N,  17.8W,30.0,1001.0,0.0,0.0,0.0,0.0,0.0,0.0,0.0,0.0,0.0,0.0,0.0,0.0
56239,           FRANKLIN,86,9/8/2023,1200,  , EX, 47.9N,  18.5W,30.0,1004.0,0.0,0.0,0.0,0.0,0.0,0.0,0.0,0.0,0.0,0.0,0.0,0.0
56240,           FRANKLIN,86,9/8/2023,1800,  , EX, 47.2N,  18.9W,30.0,1006.0,0.0,0.0,0.0,0.0,0.0,0.0,0.0,0.0,0.0,0.0,0.0,0.0
56241,           FRANKLIN,86,9/9/2023, 0000,  , EX, 46.3N,  19.1W,30.0,1007.0,0.0,0.0,0.0,0.0,0.0,0.0,0.0,0.0,0.0,0.0,0.0,0.0
56242,           FRANKLIN,86,9/9/2023, 0600,  , EX, 45.3N,  19.4W,30.0,1007.0,0.0,0.0,0.0,0.0,0.0,0.0,0.0,0.0,0.0,0.0,0.0,0.0
56243,           FRANKLIN,86,9/9/2023,1200,  , EX, 44.1N,  19.8W,25.0,1008.0,0.0,0.0,0.0,0.0,0.0,0.0,0.0,0.0,0.0,0.0,0.0,0.0
56244,           FRANKLIN,86,9/9/2023,1800,  , EX, 43.1N,  20.3W,25.0,1008.0,0.0,0.0,0.0,0.0,0.0,0.0,0.0,0.0,0.0,0.0,0.0,0.0
56281,             IDALIA,54,9/1/2023, 0000,  , EX, 33.4N,  72.3W,55.0,996.0,200.0,160.0,180.0,200.0,0.0,0.0,60.0,100.0,0.0,0.0,0.0,0.0
56282,             IDALIA,54,9/1/2023, 0600,  , EX, 32.7N,  70.5W,50.0,997.0,200.0,160.0,180.0,200.0,0.0,0.0,80.0,100.0,0.0,0.0,0.0,0.0
56283,             IDALIA,54,9/1/2023,1200,  , EX, 32.3N,  68.8W,50.0,998.0,200.0,150.0,180.0,200.0,0.0,0.0,0.0,120.0,0.0,0.0,0.0,0.0
56284,             IDALIA,54,9/1/2023,1800,  , EX, 32.1N,  67.1W,50.0,999.0,210.0,120.0,180.0,190.0,0.0,0.0,0.0,90.0,0.0,0.0,0.0,0.0
56285,             IDALIA,54,9/2/2023, 0000,  , EX, 31.9N,  65.7W,50.0,999.0,180.0,150.0,180.0,190.0,0.0,0.0,0.0,90.0,0.0,0.0,0.0,0.0
56286,             IDALIA,54,9/2/2023, 0600,  , EX, 31.8N,  64.7W,50.0,999.0,180.0,140.0,160.0,190.0,0.0,0.0,0.0,90.0,0.0,0.0,0.0,0.0
56287,             IDALIA,54,9/2/2023,1200,  , EX, 31.8N,  63.9W,50.0,998.0,180.0,0.0,120.0,180.0,0.0,0.0,0.0,90.0,0.0,0.0,0.0,0.0
56288,             IDALIA,54,9/2/2023,1800,  , EX, 31.8N,  63.1W,50.0,997.0,180.0,0.0,120.0,170.0,0.0,0.0,0.0,80.0,0.0,0.0,0.0,0.0
56289,             IDALIA,54,9/3/2023, 0000,  , EX, 32.0N,  62.2W,50.0,996.0,180.0,0.0,120.0,170.0,0.0,0.0,0.0,80.0,0.0,0.0,0.0,0.0
56290,             IDALIA,54,9/3/2023, 0600,  , EX, 32.5N,  61.3W,50.0,994.0,180.0,0.0,120.0,170.0,0.0,0.0,0.0,80.0,0.0,0.0,0.0,0.0
56291,             IDALIA,54,9/3/2023,1200,  , EX, 33.4N,  60.5W,50.0,992.0,180.0,0.0,120.0,170.0,0.0,0.0,0.0,80.0,0.0,0.0,0.0,0.0
56292,             IDALIA,54,9/3/2023,1800,  , EX, 34.9N,  59.7W,55.0,990.0,180.0,0.0,120.0,170.0,0.0,0.0,0.0,80.0,0.0,0.0,0.0,0.0
56293,             IDALIA,54,9/4/2023, 0000,  , EX, 36.2N,  58.9W,60.0,988.0,180.0,0.0,120.0,170.0,0.0,0.0,0.0,80.0,0.0,0.0,0.0,0.0
56294,             IDALIA,54,9/4/2023, 0600,  , EX, 37.6N,  58.0W,60.0,985.0,180.0,0.0,120.0,170.0,0.0,0.0,0.0,80.0,0.0,0.0,0.0,0.0
56295,             IDALIA,54,9/4/2023,1200,  , EX, 39.2N,  57.5W,55.0,985.0,210.0,180.0,180.0,240.0,0.0,0.0,90.0,80.0,0.0,0.0,0.0,0.0
56296,             IDALIA,54,9/4/2023,1800,  , EX, 40.5N,  57.9W,55.0,986.0,210.0,180.0,180.0,240.0,0.0,0.0,90.0,80.0,0.0,0.0,0.0,0.0
56297,             IDALIA,54,9/5/2023, 0000,  , EX, 41.1N,  58.7W,50.0,986.0,180.0,220.0,180.0,180.0,0.0,0.0,70.0,0.0,0.0,0.0,0.0,0.0
56298,             IDALIA,54,9/5/2023, 0600,  , EX, 41.6N,  59.1W,50.0,986.0,180.0,220.0,180.0,180.0,0.0,0.0,70.0,0.0,0.0,0.0,0.0,0.0
56299,             IDALIA,54,9/5/2023,1200,  , EX, 42.2N,  59.3W,45.0,986.0,100.0,180.0,200.0,80.0,0.0,0.0,0.0,0.0,0.0,0.0,0.0,0.0
56300,             IDALIA,54,9/5/2023,1800,  , EX, 42.6N,  59.8W,40.0,987.0,100.0,180.0,200.0,80.0,0.0,0.0,0.0,0.0,0.0,0.0,0.0,0.0
56301,             IDALIA,54,9/6/2023, 0000,  , EX, 42.6N,  60.5W,35.0,988.0,50.0,180.0,180.0,60.0,0.0,0.0,0.0,0.0,0.0,0.0,0.0,0.0
56302,             IDALIA,54,9/6/2023, 0600,  , EX, 42.6N,  61.4W,35.0,991.0,50.0,180.0,180.0,60.0,0.0,0.0,0.0,0.0,0.0,0.0,0.0,0.0
56303,             IDALIA,54,9/6/2023,1200,  , EX, 42.6N,  62.0W,35.0,992.0,50.0,180.0,180.0,60.0,0.0,0.0,0.0,0.0,0.0,0.0,0.0,0.0
56304,             IDALIA,54,9/6/2023,1800,  , EX, 42.6N,  62.8W,35.0,994.0,50.0,180.0,180.0,60.0,0.0,0.0,0.0,0.0,0.0,0.0,0.0,0.0
56305,             IDALIA,54,9/7/2023, 0000,  , EX, 42.9N,  62.9W,30.0,996.0,0.0,0.0,0.0,0.0,0.0,0.0,0.0,0.0,0.0,0.0,0.0,0.0
56306,             IDALIA,54,9/7/2023, 0600,  , EX, 43.0N,  62.1W,30.0,998.0,0.0,0.0,0.0,0.0,0.0,0.0,0.0,0.0,0.0,0.0,0.0,0.0
56307,             IDALIA,54,9/7/2023,1200,  , EX, 43.2N,  61.1W,30.0,1000.0,0.0,0.0,0.0,0.0,0.0,0.0,0.0,0.0,0.0,0.0,0.0,0.0
56308,             IDALIA,54,9/7/2023,1800,  , EX, 43.6N,  60.1W,30.0,1001.0,0.0,0.0,0.0,0.0,0.0,0.0,0.0,0.0,0.0,0.0,0.0,0.0
56309,             IDALIA,54,9/8/2023, 0000,  , EX, 44.3N,  59.3W,30.0,1002.0,0.0,0.0,0.0,0.0,0.0,0.0,0.0,0.0,0.0,0.0,0.0,0.0
56310,             IDALIA,54,9/8/2023, 0600,  , EX, 45.2N,  58.3W,30.0,1003.0,0.0,0.0,0.0,0.0,0.0,0.0,0.0,0.0,0.0,0.0,0.0,0.0
56324,               JOSE,16,9/1/2023, 0000,  , TS, 31.6N,  52.5W,55.0,996.0,30.0,30.0,20.0,20.0,20.0,20.0,0.0,0.0,0.0,0.0,0.0,0.0
56325,               JOSE,16,9/1/2023, 0600,  , TS, 32.9N,  52.4W,55.0,996.0,30.0,30.0,20.0,20.0,20.0,20.0,0.0,0.0,0.0,0.0,0.0,0.0
56326,               JOSE,16,9/1/2023,1200,  , TS, 34.9N,  51.4W,50.0,997.0,40.0,40.0,0.0,0.0,0.0,20.0,0.0,0.0,0.0,0.0,0.0,0.0
56327,               JOSE,16,9/1/2023,1800,  , TS, 37.4N,  49.8W,50.0,997.0,60.0,60.0,0.0,0.0,0.0,20.0,0.0,0.0,0.0,0.0,0.0,0.0
56337,              KATIA,67,9/1/2023, 0000,  , TD, 17.7N,  27.6W,30.0,1006.0,0.0,0.0,0.0,0.0,0.0,0.0,0.0,0.0,0.0,0.0,0.0,0.0
56338,              KATIA,67,9/1/2023, 0600,  , TD, 18.5N,  27.9W,30.0,1006.0,0.0,0.0,0.0,0.0,0.0,0.0,0.0,0.0,0.0,0.0,0.0,0.0
56339,              KATIA,67,9/1/2023,1200,  , TD, 19.3N,  28.1W,30.0,1006.0,0.0,0.0,0.0,0.0,0.0,0.0,0.0,0.0,0.0,0.0,0.0,0.0
56340,              KATIA,67,9/1/2023,1800,  , TD, 20.2N,  28.3W,30.0,1006.0,0.0,0.0,0.0,0.0,0.0,0.0,0.0,0.0,0.0,0.0,0.0,0.0
56341,              KATIA,67,9/2/2023, 0000,  , TS, 21.1N,  28.5W,35.0,1005.0,40.0,0.0,0.0,0.0,0.0,0.0,0.0,0.0,0.0,0.0,0.0,0.0
56342,              KATIA,67,9/2/2023, 0600,  , TS, 22.3N,  28.8W,40.0,1004.0,70.0,40.0,0.0,40.0,0.0,0.0,0.0,0.0,0.0,0.0,0.0,0.0
56343,              KATIA,67,9/2/2023,1200,  , TS, 23.5N,  29.4W,45.0,1000.0,100.0,70.0,0.0,80.0,0.0,0.0,0.0,0.0,0.0,0.0,0.0,0.0
56344,              KATIA,67,9/2/2023,1800,  , TS, 24.5N,  30.1W,50.0,998.0,100.0,70.0,0.0,80.0,30.0,0.0,0.0,0.0,0.0,0.0,0.0,0.0
56345,              KATIA,67,9/3/2023, 0000,  , TS, 25.3N,  30.9W,45.0,1000.0,70.0,50.0,0.0,50.0,0.0,0.0,0.0,0.0,0.0,0.0,0.0,0.0
56346,              KATIA,67,9/3/2023, 0600,  , TS, 26.0N,  31.5W,40.0,1002.0,60.0,40.0,0.0,40.0,0.0,0.0,0.0,0.0,0.0,0.0,0.0,0.0
56347,              KATIA,67,9/3/2023,1200,  , TS, 26.5N,  32.0W,35.0,1006.0,50.0,0.0,0.0,0.0,0.0,0.0,0.0,0.0,0.0,0.0,0.0,0.0
56348,              KATIA,67,9/3/2023,1800,  , TS, 26.9N,  32.7W,35.0,1006.0,50.0,0.0,0.0,0.0,0.0,0.0,0.0,0.0,0.0,0.0,0.0,0.0
56349,              KATIA,67,9/4/2023, 0000,  , TD, 27.1N,  33.3W,30.0,1007.0,0.0,0.0,0.0,0.0,0.0,0.0,0.0,0.0,0.0,0.0,0.0,0.0
56350,              KATIA,67,9/4/2023, 0600,  , LO, 27.4N,  33.6W,30.0,1008.0,0.0,0.0,0.0,0.0,0.0,0.0,0.0,0.0,0.0,0.0,0.0,0.0
56351,              KATIA,67,9/4/2023,1200,  , LO, 27.7N,  34.0W,30.0,1009.0,0.0,0.0,0.0,0.0,0.0,0.0,0.0,0.0,0.0,0.0,0.0,0.0
56352,              KATIA,67,9/4/2023,1800,  , LO, 27.9N,  34.4W,30.0,1010.0,0.0,0.0,0.0,0.0,0.0,0.0,0.0,0.0,0.0,0.0,0.0,0.0
56353,              KATIA,67,9/5/2023, 0000,  , LO, 28.0N,  34.5W,25.0,1010.0,0.0,0.0,0.0,0.0,0.0,0.0,0.0,0.0,0.0,0.0,0.0,0.0
56354,              KATIA,67,9/5/2023, 0600,  , LO, 28.2N,  34.6W,25.0,1010.0,0.0,0.0,0.0,0.0,0.0,0.0,0.0,0.0,0.0,0.0,0.0,0.0
56355,              KATIA,67,9/5/2023,1200,  , LO, 28.3N,  34.6W,25.0,1010.0,0.0,0.0,0.0,0.0,0.0,0.0,0.0,0.0,0.0,0.0,0.0,0.0
56356,              KATIA,67,9/5/2023,1800,  , LO, 28.3N,  34.2W,25.0,1010.0,0.0,0.0,0.0,0.0,0.0,0.0,0.0,0.0,0.0,0.0,0.0,0.0
56357,              KATIA,67,9/6/2023, 0000,  , LO, 28.0N,  33.7W,25.0,1010.0,0.0,0.0,0.0,0.0,0.0,0.0,0.0,0.0,0.0,0.0,0.0,0.0
56358,              KATIA,67,9/6/2023, 0600,  , LO, 27.6N,  33.1W,25.0,1010.0,0.0,0.0,0.0,0.0,0.0,0.0,0.0,0.0,0.0,0.0,0.0,0.0
56359,              KATIA,67,9/6/2023,1200,  , LO, 27.4N,  32.2W,25.0,1011.0,0.0,0.0,0.0,0.0,0.0,0.0,0.0,0.0,0.0,0.0,0.0,0.0
56360,              KATIA,67,9/6/2023,1800,  , LO, 26.7N,  31.8W,25.0,1011.0,0.0,0.0,0.0,0.0,0.0,0.0,0.0,0.0,0.0,0.0,0.0,0.0
56361,              KATIA,67,9/7/2023, 0000,  , LO, 26.0N,  31.8W,30.0,1010.0,0.0,0.0,0.0,0.0,0.0,0.0,0.0,0.0,0.0,0.0,0.0,0.0
56362,              KATIA,67,9/7/2023, 0600,  , LO, 25.4N,  32.2W,30.0,1010.0,0.0,0.0,0.0,0.0,0.0,0.0,0.0,0.0,0.0,0.0,0.0,0.0
56363,              KATIA,67,9/7/2023,1200,  , LO, 24.6N,  32.7W,25.0,1011.0,0.0,0.0,0.0,0.0,0.0,0.0,0.0,0.0,0.0,0.0,0.0,0.0
56364,              KATIA,67,9/7/2023,1800,  , LO, 24.0N,  33.8W,25.0,1011.0,0.0,0.0,0.0,0.0,0.0,0.0,0.0,0.0,0.0,0.0,0.0,0.0
56365,              KATIA,67,9/8/2023, 0000,  , LO, 23.2N,  34.8W,25.0,1011.0,0.0,0.0,0.0,0.0,0.0,0.0,0.0,0.0,0.0,0.0,0.0,0.0
56366,              KATIA,67,9/8/2023, 0600,  , LO, 22.3N,  36.0W,25.0,1011.0,0.0,0.0,0.0,0.0,0.0,0.0,0.0,0.0,0.0,0.0,0.0,0.0
56367,              KATIA,67,9/8/2023,1200,  , LO, 21.5N,  37.6W,25.0,1011.0,0.0,0.0,0.0,0.0,0.0,0.0,0.0,0.0,0.0,0.0,0.0,0.0
56368,              KATIA,67,9/8/2023,1800,  , LO, 20.5N,  39.2W,25.0,1011.0,0.0,0.0,0.0,0.0,0.0,0.0,0.0,0.0,0.0,0.0,0.0,0.0
56369,              KATIA,67,9/9/2023, 0000,  , LO, 19.6N,  40.9W,25.0,1011.0,0.0,0.0,0.0,0.0,0.0,0.0,0.0,0.0,0.0,0.0,0.0,0.0
56370,              KATIA,67,9/9/2023, 0600,  , LO, 18.4N,  42.0W,25.0,1011.0,0.0,0.0,0.0,0.0,0.0,0.0,0.0,0.0,0.0,0.0,0.0,0.0
56371,              KATIA,67,9/9/2023,1200,  , LO, 17.6N,  42.9W,25.0,1011.0,0.0,0.0,0.0,0.0,0.0,0.0,0.0,0.0,0.0,0.0,0.0,0.0
56372,              KATIA,67,9/9/2023,1800,  , LO, 16.8N,  43.7W,25.0,1011.0,0.0,0.0,0.0,0.0,0.0,0.0,0.0,0.0,0.0,0.0,0.0,0.0
56373,              KATIA,67,9/10/2023, 0000,  , LO, 16.0N,  44.5W,20.0,1012.0,0.0,0.0,0.0,0.0,0.0,0.0,0.0,0.0,0.0,0.0,0.0,0.0
56374,              KATIA,67,9/10/2023, 0600,  , LO, 15.4N,  45.5W,20.0,1012.0,0.0,0.0,0.0,0.0,0.0,0.0,0.0,0.0,0.0,0.0,0.0,0.0
56375,              KATIA,67,9/10/2023,1200,  , LO, 15.0N,  46.3W,20.0,1012.0,0.0,0.0,0.0,0.0,0.0,0.0,0.0,0.0,0.0,0.0,0.0,0.0
56376,              KATIA,67,9/10/2023,1800,  , LO, 14.8N,  46.9W,20.0,1012.0,0.0,0.0,0.0,0.0,0.0,0.0,0.0,0.0,0.0,0.0,0.0,0.0
56377,              KATIA,67,9/11/2023, 0000,  , LO, 14.6N,  47.4W,20.0,1012.0,0.0,0.0,0.0,0.0,0.0,0.0,0.0,0.0,0.0,0.0,0.0,0.0
56378,              KATIA,67,9/11/2023, 0600,  , LO, 14.5N,  47.9W,20.0,1012.0,0.0,0.0,0.0,0.0,0.0,0.0,0.0,0.0,0.0,0.0,0.0,0.0
56379,              KATIA,67,9/11/2023,1200,  , LO, 14.4N,  48.1W,20.0,1012.0,0.0,0.0,0.0,0.0,0.0,0.0,0.0,0.0,0.0,0.0,0.0,0.0
56380,              KATIA,67,9/11/2023,1800,  , LO, 14.4N,  48.3W,20.0,1012.0,0.0,0.0,0.0,0.0,0.0,0.0,0.0,0.0,0.0,0.0,0.0,0.0
56381,              KATIA,67,9/12/2023, 0000,  , LO, 14.4N,  48.3W,20.0,1012.0,0.0,0.0,0.0,0.0,0.0,0.0,0.0,0.0,0.0,0.0,0.0,0.0
56382,              KATIA,67,9/12/2023, 0600,  , LO, 14.5N,  48.3W,20.0,1012.0,0.0,0.0,0.0,0.0,0.0,0.0,0.0,0.0,0.0,0.0,0.0,0.0
56383,              KATIA,67,9/12/2023,1200,  , LO, 14.6N,  48.2W,20.0,1012.0,0.0,0.0,0.0,0.0,0.0,0.0,0.0,0.0,0.0,0.0,0.0,0.0
56384,              KATIA,67,9/12/2023,1800,  , LO, 14.7N,  48.1W,15.0,1012.0,0.0,0.0,0.0,0.0,0.0,0.0,0.0,0.0,0.0,0.0,0.0,0.0
56385,              KATIA,67,9/13/2023, 0000,  , LO, 14.9N,  48.0W,15.0,1012.0,0.0,0.0,0.0,0.0,0.0,0.0,0.0,0.0,0.0,0.0,0.0,0.0
56386,              KATIA,67,9/13/2023, 0600,  , LO, 15.1N,  47.8W,15.0,1012.0,0.0,0.0,0.0,0.0,0.0,0.0,0.0,0.0,0.0,0.0,0.0,0.0
56387,              KATIA,67,9/13/2023,1200,  , LO, 15.0N,  47.6W,15.0,1012.0,0.0,0.0,0.0,0.0,0.0,0.0,0.0,0.0,0.0,0.0,0.0,0.0
56388,              KATIA,67,9/13/2023,1800,  , LO, 14.9N,  47.7W,15.0,1012.0,0.0,0.0,0.0,0.0,0.0,0.0,0.0,0.0,0.0,0.0,0.0,0.0
56389,              KATIA,67,9/14/2023, 0000,  , LO, 14.7N,  47.8W,15.0,1012.0,0.0,0.0,0.0,0.0,0.0,0.0,0.0,0.0,0.0,0.0,0.0,0.0
56390,              KATIA,67,9/14/2023, 0600,  , LO, 14.5N,  48.0W,15.0,1012.0,0.0,0.0,0.0,0.0,0.0,0.0,0.0,0.0,0.0,0.0,0.0,0.0
56391,              KATIA,67,9/14/2023,1200,  , LO, 14.2N,  48.4W,15.0,1012.0,0.0,0.0,0.0,0.0,0.0,0.0,0.0,0.0,0.0,0.0,0.0,0.0
56392,              KATIA,67,9/14/2023,1800,  , LO, 13.6N,  48.8W,15.0,1012.0,0.0,0.0,0.0,0.0,0.0,0.0,0.0,0.0,0.0,0.0,0.0,0.0
56393,              KATIA,67,9/15/2023, 0000,  , LO, 13.0N,  49.2W,15.0,1012.0,0.0,0.0,0.0,0.0,0.0,0.0,0.0,0.0,0.0,0.0,0.0,0.0
56394,              KATIA,67,9/15/2023, 0600,  , LO, 12.4N,  49.1W,15.0,1012.0,0.0,0.0,0.0,0.0,0.0,0.0,0.0,0.0,0.0,0.0,0.0,0.0
56395,              KATIA,67,9/15/2023,1200,  , LO, 11.8N,  48.8W,15.0,1012.0,0.0,0.0,0.0,0.0,0.0,0.0,0.0,0.0,0.0,0.0,0.0,0.0
56397,                LEE,55,9/5/2023,1200,  , TD, 12.2N,  39.6W,30.0,1008.0,0.0,0.0,0.0,0.0,0.0,0.0,0.0,0.0,0.0,0.0,0.0,0.0
56398,                LEE,55,9/5/2023,1800,  , TS, 12.9N,  41.1W,35.0,1006.0,60.0,0.0,0.0,60.0,0.0,0.0,0.0,0.0,0.0,0.0,0.0,0.0
56399,                LEE,55,9/6/2023, 0000,  , TS, 13.2N,  42.5W,45.0,1003.0,60.0,20.0,0.0,60.0,0.0,0.0,0.0,0.0,0.0,0.0,0.0,0.0
56400,                LEE,55,9/6/2023, 0600,  , TS, 13.5N,  43.9W,55.0,997.0,70.0,50.0,30.0,60.0,30.0,0.0,0.0,0.0,0.0,0.0,0.0,0.0
56401,                LEE,55,9/6/2023,1200,  , TS, 14.0N,  45.0W,60.0,994.0,70.0,60.0,40.0,70.0,30.0,20.0,0.0,20.0,0.0,0.0,0.0,0.0
56402,                LEE,55,9/6/2023,1800,  , HU, 14.6N,  46.1W,65.0,991.0,80.0,70.0,50.0,70.0,40.0,30.0,20.0,30.0,15.0,0.0,0.0,0.0
56403,                LEE,55,9/7/2023, 0000,  , HU, 15.1N,  47.1W,70.0,989.0,80.0,70.0,50.0,70.0,40.0,30.0,20.0,30.0,15.0,0.0,0.0,0.0
56404,                LEE,55,9/7/2023, 0600,  , HU, 15.6N,  48.2W,75.0,986.0,90.0,80.0,50.0,70.0,40.0,30.0,20.0,30.0,15.0,0.0,0.0,15.0
56405,                LEE,55,9/7/2023,1200,  , HU, 16.1N,  49.4W,85.0,980.0,110.0,110.0,50.0,80.0,40.0,30.0,30.0,30.0,25.0,20.0,15.0,20.0
56406,                LEE,55,9/7/2023,1800,  , HU, 16.6N,  50.7W,105.0,961.0,120.0,110.0,50.0,80.0,40.0,30.0,30.0,40.0,30.0,20.0,20.0,20.0
56407,                LEE,55,9/8/2023, 0000,  , HU, 17.0N,  51.8W,135.0,933.0,120.0,110.0,50.0,80.0,60.0,40.0,30.0,40.0,40.0,30.0,20.0,30.0
56408,                LEE,55,9/8/2023, 0600,  , HU, 17.5N,  53.0W,145.0,926.0,120.0,110.0,50.0,80.0,70.0,60.0,40.0,50.0,40.0,30.0,30.0,30.0
56409,                LEE,55,9/8/2023,1200,  , HU, 17.9N,  54.1W,135.0,940.0,120.0,110.0,60.0,80.0,70.0,60.0,30.0,60.0,30.0,30.0,25.0,30.0
56410,                LEE,55,9/8/2023,1800,  , HU, 18.5N,  55.1W,125.0,941.0,130.0,120.0,60.0,90.0,70.0,50.0,30.0,60.0,30.0,30.0,20.0,30.0
56411,                LEE,55,9/9/2023, 0000,  , HU, 19.0N,  56.0W,105.0,958.0,150.0,120.0,70.0,100.0,70.0,50.0,40.0,60.0,25.0,25.0,15.0,25.0
56412,                LEE,55,9/9/2023, 0600,  , HU, 19.5N,  57.0W,100.0,963.0,150.0,120.0,70.0,100.0,70.0,50.0,40.0,60.0,25.0,25.0,15.0,25.0
56413,                LEE,55,9/9/2023,1200,  , HU, 20.0N,  57.9W,100.0,954.0,150.0,120.0,70.0,100.0,70.0,50.0,40.0,60.0,30.0,25.0,15.0,25.0
56414,                LEE,55,9/9/2023,1800,  , HU, 20.4N,  58.8W,95.0,958.0,160.0,150.0,80.0,110.0,80.0,70.0,30.0,50.0,35.0,25.0,20.0,25.0
56415,                LEE,55,9/10/2023, 0000,  , HU, 20.8N,  59.5W,85.0,960.0,160.0,150.0,80.0,110.0,80.0,70.0,30.0,50.0,35.0,25.0,20.0,30.0
56416,                LEE,55,9/10/2023, 0600,  , HU, 21.2N,  60.2W,90.0,960.0,140.0,130.0,80.0,110.0,80.0,60.0,30.0,70.0,35.0,30.0,20.0,35.0
56417,                LEE,55,9/10/2023,1200,  , HU, 21.5N,  60.8W,95.0,956.0,140.0,130.0,80.0,110.0,80.0,60.0,30.0,80.0,35.0,30.0,20.0,35.0
56418,                LEE,55,9/10/2023,1800,  , HU, 21.9N,  61.4W,105.0,954.0,150.0,140.0,100.0,140.0,90.0,70.0,50.0,80.0,50.0,35.0,30.0,45.0
56419,                LEE,55,9/11/2023, 0000,  , HU, 22.3N,  61.9W,105.0,950.0,150.0,140.0,100.0,140.0,110.0,80.0,60.0,90.0,65.0,40.0,40.0,55.0
56420,                LEE,55,9/11/2023, 0600,  , HU, 22.8N,  62.5W,105.0,950.0,160.0,150.0,110.0,150.0,110.0,90.0,70.0,90.0,65.0,45.0,40.0,55.0
56421,                LEE,55,9/11/2023,1200,  , HU, 23.2N,  63.2W,105.0,948.0,160.0,150.0,110.0,150.0,110.0,90.0,70.0,90.0,65.0,45.0,40.0,55.0
56422,                LEE,55,9/11/2023,1800,  , HU, 23.5N,  63.9W,100.0,948.0,160.0,150.0,110.0,150.0,110.0,90.0,70.0,90.0,65.0,50.0,45.0,60.0
56423,                LEE,55,9/12/2023, 0000,  , HU, 23.7N,  64.5W,100.0,948.0,160.0,150.0,120.0,150.0,110.0,90.0,80.0,100.0,70.0,60.0,50.0,60.0
56424,                LEE,55,9/12/2023, 0600,  , HU, 23.9N,  65.1W,100.0,948.0,160.0,150.0,120.0,150.0,120.0,90.0,80.0,100.0,70.0,60.0,50.0,60.0
56425,                LEE,55,9/12/2023,1200,  , HU, 24.1N,  65.7W,100.0,948.0,180.0,170.0,140.0,160.0,120.0,110.0,80.0,120.0,80.0,60.0,50.0,60.0
56426,                LEE,55,9/12/2023,1800,  , HU, 24.5N,  66.2W,100.0,946.0,210.0,200.0,150.0,170.0,150.0,130.0,90.0,120.0,90.0,90.0,60.0,70.0
56427,                LEE,55,9/13/2023, 0000,  , HU, 24.9N,  66.6W,100.0,946.0,210.0,200.0,150.0,170.0,150.0,130.0,90.0,120.0,110.0,100.0,60.0,70.0
56428,                LEE,55,9/13/2023, 0600,  , HU, 25.3N,  66.9W,100.0,948.0,210.0,210.0,160.0,170.0,130.0,120.0,90.0,110.0,110.0,100.0,60.0,70.0
56429,                LEE,55,9/13/2023,1200,  , HU, 26.0N,  67.2W,95.0,950.0,210.0,210.0,160.0,170.0,130.0,120.0,90.0,110.0,100.0,90.0,60.0,70.0
56430,                LEE,55,9/13/2023,1800,  , HU, 26.8N,  67.6W,90.0,951.0,230.0,230.0,170.0,180.0,140.0,130.0,100.0,120.0,100.0,90.0,80.0,70.0
56431,                LEE,55,9/14/2023, 0000,  , HU, 27.6N,  67.8W,90.0,951.0,230.0,230.0,170.0,180.0,140.0,130.0,120.0,130.0,90.0,80.0,80.0,70.0
56432,                LEE,55,9/14/2023, 0600,  , HU, 28.5N,  68.0W,85.0,953.0,250.0,250.0,170.0,190.0,140.0,130.0,110.0,120.0,90.0,80.0,70.0,70.0
56433,                LEE,55,9/14/2023,1200,  , HU, 29.8N,  68.2W,80.0,955.0,270.0,250.0,170.0,190.0,140.0,130.0,110.0,120.0,80.0,80.0,70.0,70.0
56434,                LEE,55,9/14/2023,1800,  , HU, 31.1N,  68.3W,75.0,955.0,270.0,270.0,200.0,210.0,170.0,170.0,120.0,120.0,90.0,80.0,70.0,80.0
56435,                LEE,55,9/15/2023, 0000,  , HU, 32.1N,  67.8W,75.0,955.0,270.0,270.0,200.0,210.0,160.0,170.0,110.0,150.0,90.0,80.0,70.0,80.0
56436,                LEE,55,9/15/2023, 0600,  , HU, 33.6N,  67.6W,75.0,957.0,280.0,280.0,200.0,220.0,160.0,170.0,110.0,150.0,90.0,80.0,70.0,80.0
56437,                LEE,55,9/15/2023,1200,  , HU, 35.1N,  67.1W,75.0,962.0,280.0,280.0,200.0,220.0,160.0,170.0,110.0,150.0,90.0,80.0,70.0,80.0
56438,                LEE,55,9/15/2023,1800,  , HU, 37.1N,  66.7W,75.0,962.0,270.0,270.0,240.0,300.0,160.0,170.0,120.0,150.0,90.0,80.0,70.0,100.0
56439,                LEE,55,9/16/2023, 0000,  , HU, 38.7N,  65.9W,75.0,963.0,300.0,300.0,250.0,300.0,180.0,180.0,150.0,180.0,90.0,120.0,110.0,100.0
56440,                LEE,55,9/16/2023, 0600,  , EX, 40.9N,  66.0W,70.0,965.0,300.0,300.0,250.0,270.0,180.0,180.0,160.0,180.0,0.0,120.0,110.0,0.0
56441,                LEE,55,9/16/2023,1200,  , EX, 42.7N,  66.3W,65.0,965.0,220.0,280.0,200.0,140.0,130.0,150.0,0.0,80.0,0.0,100.0,0.0,0.0
56442,                LEE,55,9/16/2023,1800,  , EX, 43.8N,  66.4W,55.0,968.0,220.0,280.0,200.0,140.0,130.0,150.0,0.0,80.0,0.0,0.0,0.0,0.0
56444,                LEE,55,9/17/2023, 0000,  , EX, 44.7N,  66.2W,55.0,979.0,220.0,280.0,170.0,100.0,60.0,100.0,0.0,60.0,0.0,0.0,0.0,0.0
56445,                LEE,55,9/17/2023, 0600,  , EX, 45.9N,  64.8W,50.0,986.0,210.0,250.0,150.0,0.0,0.0,120.0,0.0,0.0,0.0,0.0,0.0,0.0
56446,                LEE,55,9/17/2023,1200,  , EX, 47.3N,  63.0W,40.0,989.0,210.0,250.0,150.0,0.0,0.0,0.0,0.0,0.0,0.0,0.0,0.0,0.0
56447,                LEE,55,9/17/2023,1800,  , EX, 48.6N,  60.1W,40.0,989.0,210.0,250.0,150.0,0.0,0.0,0.0,0.0,0.0,0.0,0.0,0.0,0.0
56448,                LEE,55,9/18/2023, 0000,  , EX, 50.7N,  57.9W,35.0,994.0,230.0,240.0,210.0,0.0,0.0,0.0,0.0,0.0,0.0,0.0,0.0,0.0
56449,                LEE,55,9/18/2023, 0600,  , EX, 51.7N,  53.2W,35.0,994.0,230.0,240.0,180.0,130.0,0.0,0.0,0.0,0.0,0.0,0.0,0.0,0.0
56450,                LEE,55,9/18/2023,1200,  , EX, 52.6N,  48.6W,40.0,993.0,230.0,240.0,180.0,130.0,0.0,0.0,0.0,0.0,0.0,0.0,0.0,0.0
56451,                LEE,55,9/18/2023,1800,  , EX, 53.0N,  42.0W,40.0,993.0,230.0,240.0,180.0,130.0,0.0,0.0,0.0,0.0,0.0,0.0,0.0,0.0
56453,             MARGOT,46,9/7/2023,1200,  , TD, 15.5N,  26.0W,30.0,1006.0,0.0,0.0,0.0,0.0,0.0,0.0,0.0,0.0,0.0,0.0,0.0,0.0
56454,             MARGOT,46,9/7/2023,1800,  , TS, 16.0N,  27.3W,35.0,1005.0,20.0,0.0,0.0,20.0,0.0,0.0,0.0,0.0,0.0,0.0,0.0,0.0
56455,             MARGOT,46,9/8/2023, 0000,  , TS, 16.5N,  28.6W,35.0,1005.0,20.0,0.0,0.0,20.0,0.0,0.0,0.0,0.0,0.0,0.0,0.0,0.0
56456,             MARGOT,46,9/8/2023, 0600,  , TS, 17.1N,  30.1W,35.0,1005.0,20.0,0.0,0.0,20.0,0.0,0.0,0.0,0.0,0.0,0.0,0.0,0.0
56457,             MARGOT,46,9/8/2023,1200,  , TS, 17.8N,  31.8W,35.0,1005.0,20.0,0.0,0.0,20.0,0.0,0.0,0.0,0.0,0.0,0.0,0.0,0.0
56458,             MARGOT,46,9/8/2023,1800,  , TS, 18.5N,  33.6W,35.0,1005.0,30.0,0.0,0.0,20.0,0.0,0.0,0.0,0.0,0.0,0.0,0.0,0.0
56459,             MARGOT,46,9/9/2023, 0000,  , TS, 19.1N,  35.1W,35.0,1005.0,30.0,0.0,0.0,20.0,0.0,0.0,0.0,0.0,0.0,0.0,0.0,0.0
56460,             MARGOT,46,9/9/2023, 0600,  , TS, 19.7N,  36.4W,40.0,1004.0,40.0,0.0,0.0,20.0,0.0,0.0,0.0,0.0,0.0,0.0,0.0,0.0
56461,             MARGOT,46,9/9/2023,1200,  , TS, 20.2N,  37.5W,40.0,1004.0,50.0,0.0,0.0,30.0,0.0,0.0,0.0,0.0,0.0,0.0,0.0,0.0
56462,             MARGOT,46,9/9/2023,1800,  , TS, 20.7N,  38.3W,40.0,1004.0,60.0,0.0,0.0,40.0,0.0,0.0,0.0,0.0,0.0,0.0,0.0,0.0
56463,             MARGOT,46,9/10/2023, 0000,  , TS, 21.2N,  38.9W,45.0,1003.0,70.0,50.0,0.0,50.0,0.0,0.0,0.0,0.0,0.0,0.0,0.0,0.0
56464,             MARGOT,46,9/10/2023, 0600,  , TS, 21.8N,  39.4W,45.0,1002.0,70.0,50.0,0.0,60.0,0.0,0.0,0.0,0.0,0.0,0.0,0.0,0.0
56465,             MARGOT,46,9/10/2023,1200,  , TS, 22.5N,  39.8W,45.0,1000.0,70.0,50.0,0.0,70.0,0.0,0.0,0.0,0.0,0.0,0.0,0.0,0.0
56466,             MARGOT,46,9/10/2023,1800,  , TS, 23.3N,  40.0W,50.0,998.0,90.0,60.0,20.0,80.0,20.0,0.0,0.0,20.0,0.0,0.0,0.0,0.0
56467,             MARGOT,46,9/11/2023, 0000,  , TS, 24.0N,  40.0W,55.0,996.0,110.0,70.0,40.0,90.0,20.0,0.0,0.0,20.0,0.0,0.0,0.0,0.0
56468,             MARGOT,46,9/11/2023, 0600,  , TS, 24.7N,  40.0W,55.0,993.0,130.0,80.0,60.0,100.0,20.0,0.0,0.0,20.0,0.0,0.0,0.0,0.0
56469,             MARGOT,46,9/11/2023,1200,  , TS, 25.5N,  40.0W,60.0,990.0,150.0,90.0,70.0,110.0,30.0,20.0,20.0,20.0,0.0,0.0,0.0,0.0
56470,             MARGOT,46,9/11/2023,1800,  , HU, 26.4N,  39.9W,65.0,986.0,170.0,100.0,80.0,120.0,40.0,30.0,30.0,30.0,15.0,15.0,0.0,15.0
56471,             MARGOT,46,9/12/2023, 0000,  , HU, 27.5N,  39.6W,70.0,981.0,190.0,110.0,90.0,130.0,50.0,40.0,40.0,40.0,15.0,15.0,0.0,15.0
56472,             MARGOT,46,9/12/2023, 0600,  , HU, 28.6N,  39.4W,75.0,977.0,210.0,130.0,100.0,140.0,60.0,60.0,50.0,50.0,20.0,20.0,10.0,20.0
56473,             MARGOT,46,9/12/2023,1200,  , HU, 29.8N,  39.3W,75.0,974.0,230.0,150.0,120.0,160.0,60.0,80.0,60.0,60.0,30.0,30.0,20.0,30.0
56474,             MARGOT,46,9/12/2023,1800,  , HU, 31.0N,  39.4W,75.0,972.0,220.0,180.0,130.0,170.0,80.0,80.0,60.0,70.0,40.0,40.0,30.0,40.0
56475,             MARGOT,46,9/13/2023, 0000,  , HU, 32.1N,  39.6W,75.0,970.0,200.0,200.0,140.0,180.0,90.0,80.0,60.0,80.0,50.0,40.0,30.0,50.0
56476,             MARGOT,46,9/13/2023, 0600,  , HU, 33.0N,  39.9W,80.0,969.0,200.0,200.0,140.0,180.0,90.0,80.0,60.0,80.0,60.0,40.0,20.0,50.0
56477,             MARGOT,46,9/13/2023,1200,  , HU, 33.7N,  40.3W,80.0,969.0,200.0,200.0,140.0,180.0,90.0,80.0,60.0,80.0,60.0,50.0,10.0,50.0
56478,             MARGOT,46,9/13/2023,1800,  , HU, 34.4N,  40.6W,75.0,970.0,200.0,200.0,140.0,180.0,90.0,80.0,60.0,80.0,60.0,60.0,10.0,50.0
56479,             MARGOT,46,9/14/2023, 0000,  , HU, 35.1N,  40.7W,75.0,972.0,190.0,200.0,140.0,170.0,90.0,80.0,60.0,80.0,60.0,60.0,10.0,50.0
56480,             MARGOT,46,9/14/2023, 0600,  , HU, 35.8N,  40.5W,70.0,974.0,180.0,200.0,140.0,170.0,100.0,90.0,60.0,90.0,60.0,60.0,0.0,60.0
56481,             MARGOT,46,9/14/2023,1200,  , HU, 36.3N,  40.1W,70.0,976.0,180.0,200.0,140.0,170.0,110.0,90.0,70.0,100.0,60.0,60.0,0.0,60.0
56482,             MARGOT,46,9/14/2023,1800,  , HU, 36.6N,  39.6W,70.0,978.0,190.0,190.0,140.0,180.0,100.0,90.0,70.0,100.0,60.0,0.0,0.0,60.0
56483,             MARGOT,46,9/15/2023, 0000,  , HU, 36.7N,  39.1W,65.0,980.0,200.0,180.0,140.0,190.0,100.0,90.0,70.0,100.0,60.0,0.0,0.0,60.0
56484,             MARGOT,46,9/15/2023, 0600,  , TS, 36.7N,  38.6W,60.0,982.0,220.0,170.0,140.0,200.0,100.0,90.0,70.0,100.0,0.0,0.0,0.0,0.0
56485,             MARGOT,46,9/15/2023,1200,  , TS, 36.5N,  38.1W,55.0,984.0,240.0,160.0,140.0,210.0,90.0,90.0,0.0,90.0,0.0,0.0,0.0,0.0
56486,             MARGOT,46,9/15/2023,1800,  , TS, 36.1N,  37.8W,55.0,986.0,260.0,150.0,140.0,220.0,90.0,90.0,0.0,90.0,0.0,0.0,0.0,0.0
56487,             MARGOT,46,9/16/2023, 0000,  , TS, 35.7N,  37.8W,55.0,988.0,280.0,140.0,140.0,220.0,80.0,0.0,0.0,80.0,0.0,0.0,0.0,0.0
56488,             MARGOT,46,9/16/2023, 0600,  , TS, 35.2N,  38.0W,55.0,990.0,260.0,120.0,130.0,210.0,80.0,0.0,0.0,80.0,0.0,0.0,0.0,0.0
56489,             MARGOT,46,9/16/2023,1200,  , TS, 34.7N,  38.5W,50.0,993.0,240.0,110.0,110.0,200.0,80.0,0.0,0.0,80.0,0.0,0.0,0.0,0.0
56490,             MARGOT,46,9/16/2023,1800,  , TS, 34.3N,  39.2W,45.0,996.0,220.0,100.0,90.0,190.0,0.0,0.0,0.0,0.0,0.0,0.0,0.0,0.0
56491,             MARGOT,46,9/17/2023, 0000,  , LO, 34.0N,  40.1W,40.0,999.0,160.0,90.0,70.0,160.0,0.0,0.0,0.0,0.0,0.0,0.0,0.0,0.0
56492,             MARGOT,46,9/17/2023, 0600,  , LO, 34.0N,  41.1W,35.0,1001.0,120.0,90.0,0.0,120.0,0.0,0.0,0.0,0.0,0.0,0.0,0.0,0.0
56493,             MARGOT,46,9/17/2023,1200,  , LO, 34.3N,  42.0W,35.0,1003.0,90.0,90.0,0.0,60.0,0.0,0.0,0.0,0.0,0.0,0.0,0.0,0.0
56494,             MARGOT,46,9/17/2023,1800,  , LO, 34.7N,  43.0W,35.0,1005.0,90.0,90.0,0.0,60.0,0.0,0.0,0.0,0.0,0.0,0.0,0.0,0.0
56495,             MARGOT,46,9/18/2023, 0000,  , LO, 35.3N,  43.6W,30.0,1006.0,0.0,0.0,0.0,0.0,0.0,0.0,0.0,0.0,0.0,0.0,0.0,0.0
56496,             MARGOT,46,9/18/2023, 0600,  , LO, 36.0N,  43.8W,30.0,1007.0,0.0,0.0,0.0,0.0,0.0,0.0,0.0,0.0,0.0,0.0,0.0,0.0
56497,             MARGOT,46,9/18/2023,1200,  , LO, 36.8N,  43.6W,30.0,1008.0,0.0,0.0,0.0,0.0,0.0,0.0,0.0,0.0,0.0,0.0,0.0,0.0
56498,             MARGOT,46,9/18/2023,1800,  , LO, 37.8N,  42.7W,30.0,1009.0,0.0,0.0,0.0,0.0,0.0,0.0,0.0,0.0,0.0,0.0,0.0,0.0
56500,              NIGEL,46,9/15/2023, 0600,  , TD, 13.6N,  42.2W,30.0,1007.0,0.0,0.0,0.0,0.0,0.0,0.0,0.0,0.0,0.0,0.0,0.0,0.0
56501,              NIGEL,46,9/15/2023,1200,  , TD, 14.3N,  43.2W,30.0,1007.0,0.0,0.0,0.0,0.0,0.0,0.0,0.0,0.0,0.0,0.0,0.0,0.0
56502,              NIGEL,46,9/15/2023,1800,  , TD, 15.2N,  44.0W,30.0,1007.0,0.0,0.0,0.0,0.0,0.0,0.0,0.0,0.0,0.0,0.0,0.0,0.0
56503,              NIGEL,46,9/16/2023, 0000,  , TD, 16.1N,  44.8W,30.0,1007.0,0.0,0.0,0.0,0.0,0.0,0.0,0.0,0.0,0.0,0.0,0.0,0.0
56504,              NIGEL,46,9/16/2023, 0600,  , TD, 17.4N,  45.4W,30.0,1007.0,0.0,0.0,0.0,0.0,0.0,0.0,0.0,0.0,0.0,0.0,0.0,0.0
56505,              NIGEL,46,9/16/2023,1200,  , TD, 18.7N,  46.0W,30.0,1006.0,0.0,0.0,0.0,0.0,0.0,0.0,0.0,0.0,0.0,0.0,0.0,0.0
56506,              NIGEL,46,9/16/2023,1800,  , TD, 20.1N,  46.7W,30.0,1006.0,0.0,0.0,0.0,0.0,0.0,0.0,0.0,0.0,0.0,0.0,0.0,0.0
56507,              NIGEL,46,9/17/2023, 0000,  , TS, 21.4N,  47.6W,35.0,1005.0,80.0,0.0,0.0,60.0,0.0,0.0,0.0,0.0,0.0,0.0,0.0,0.0
56508,              NIGEL,46,9/17/2023, 0600,  , TS, 22.5N,  48.3W,45.0,1001.0,120.0,60.0,40.0,90.0,0.0,0.0,0.0,0.0,0.0,0.0,0.0,0.0
56509,              NIGEL,46,9/17/2023,1200,  , TS, 23.5N,  48.8W,50.0,997.0,120.0,60.0,40.0,90.0,40.0,30.0,0.0,0.0,0.0,0.0,0.0,0.0
56510,              NIGEL,46,9/17/2023,1800,  , TS, 24.5N,  49.4W,55.0,994.0,120.0,60.0,40.0,90.0,40.0,30.0,0.0,0.0,0.0,0.0,0.0,0.0
56511,              NIGEL,46,9/18/2023, 0000,  , TS, 25.3N,  50.0W,60.0,992.0,130.0,90.0,50.0,110.0,40.0,30.0,0.0,40.0,0.0,0.0,0.0,0.0
56512,              NIGEL,46,9/18/2023, 0600,  , HU, 26.0N,  50.6W,65.0,987.0,140.0,90.0,50.0,120.0,50.0,40.0,20.0,40.0,20.0,20.0,0.0,0.0
56513,              NIGEL,46,9/18/2023,1200,  , HU, 26.8N,  51.1W,65.0,987.0,140.0,110.0,50.0,120.0,50.0,40.0,20.0,40.0,20.0,20.0,0.0,0.0
56514,              NIGEL,46,9/18/2023,1800,  , HU, 27.5N,  51.7W,70.0,982.0,140.0,120.0,80.0,130.0,50.0,50.0,30.0,50.0,20.0,20.0,0.0,0.0
56515,              NIGEL,46,9/19/2023, 0000,  , HU, 28.2N,  52.4W,75.0,979.0,150.0,120.0,80.0,130.0,80.0,60.0,50.0,70.0,40.0,40.0,30.0,40.0
56516,              NIGEL,46,9/19/2023, 0600,  , HU, 29.0N,  53.2W,75.0,979.0,150.0,120.0,80.0,130.0,80.0,60.0,50.0,70.0,40.0,40.0,30.0,40.0
56517,              NIGEL,46,9/19/2023,1200,  , HU, 29.9N,  54.0W,80.0,975.0,150.0,120.0,80.0,130.0,80.0,60.0,50.0,70.0,40.0,40.0,30.0,40.0
56518,              NIGEL,46,9/19/2023,1800,  , HU, 31.1N,  54.7W,85.0,972.0,150.0,140.0,100.0,130.0,90.0,80.0,60.0,70.0,50.0,40.0,35.0,40.0
56519,              NIGEL,46,9/20/2023, 0000,  , HU, 32.4N,  55.0W,85.0,971.0,150.0,140.0,100.0,130.0,90.0,80.0,60.0,70.0,50.0,40.0,35.0,40.0
56520,              NIGEL,46,9/20/2023, 0600,  , HU, 33.7N,  55.2W,85.0,971.0,140.0,130.0,100.0,130.0,90.0,80.0,60.0,70.0,50.0,40.0,35.0,40.0
56521,              NIGEL,46,9/20/2023,1200,  , HU, 35.2N,  54.7W,80.0,972.0,140.0,130.0,100.0,130.0,90.0,80.0,60.0,70.0,50.0,40.0,35.0,40.0
56522,              NIGEL,46,9/20/2023,1800,  , HU, 36.7N,  53.6W,80.0,972.0,140.0,130.0,100.0,130.0,90.0,80.0,60.0,70.0,50.0,40.0,35.0,40.0
56523,              NIGEL,46,9/21/2023, 0000,  , HU, 38.3N,  51.6W,80.0,973.0,140.0,130.0,100.0,130.0,90.0,80.0,60.0,70.0,50.0,40.0,35.0,40.0
56524,              NIGEL,46,9/21/2023, 0600,  , HU, 40.0N,  49.2W,75.0,975.0,130.0,130.0,110.0,130.0,80.0,80.0,60.0,70.0,50.0,40.0,30.0,40.0
56525,              NIGEL,46,9/21/2023,1200,  , HU, 41.3N,  46.3W,75.0,975.0,130.0,150.0,110.0,130.0,80.0,80.0,60.0,70.0,50.0,40.0,30.0,40.0
56526,              NIGEL,46,9/21/2023,1800,  , HU, 42.8N,  42.8W,70.0,975.0,160.0,180.0,180.0,110.0,100.0,110.0,80.0,60.0,60.0,60.0,40.0,30.0
56527,              NIGEL,46,9/22/2023, 0000,  , HU, 44.3N,  38.7W,65.0,975.0,180.0,200.0,180.0,110.0,100.0,110.0,80.0,60.0,60.0,60.0,40.0,30.0
56528,              NIGEL,46,9/22/2023, 0600,  , EX, 45.4N,  34.3W,60.0,974.0,180.0,200.0,190.0,110.0,90.0,110.0,80.0,60.0,0.0,0.0,0.0,0.0
56529,              NIGEL,46,9/22/2023,1200,  , EX, 47.2N,  30.2W,55.0,972.0,180.0,200.0,190.0,100.0,90.0,110.0,80.0,40.0,0.0,0.0,0.0,0.0
56530,              NIGEL,46,9/22/2023,1800,  , EX, 48.9N,  26.8W,55.0,971.0,100.0,200.0,190.0,0.0,30.0,70.0,80.0,0.0,0.0,0.0,0.0,0.0
56531,              NIGEL,46,9/23/2023, 0000,  , EX, 50.9N,  24.0W,55.0,969.0,100.0,200.0,190.0,0.0,30.0,70.0,80.0,0.0,0.0,0.0,0.0,0.0
56532,              NIGEL,46,9/23/2023, 0600,  , EX, 53.3N,  22.2W,55.0,967.0,270.0,330.0,180.0,100.0,120.0,0.0,0.0,0.0,0.0,0.0,0.0,0.0
56533,              NIGEL,46,9/23/2023,1200,  , EX, 55.6N,  22.7W,55.0,964.0,330.0,480.0,120.0,150.0,120.0,0.0,0.0,0.0,0.0,0.0,0.0,0.0
56534,              NIGEL,46,9/23/2023,1800,  , EX, 57.7N,  23.2W,55.0,961.0,360.0,120.0,120.0,210.0,60.0,0.0,0.0,0.0,0.0,0.0,0.0,0.0
56535,              NIGEL,46,9/24/2023, 0000,  , EX, 58.3N,  25.6W,50.0,958.0,420.0,120.0,150.0,270.0,0.0,0.0,0.0,120.0,0.0,0.0,0.0,0.0
56536,              NIGEL,46,9/24/2023, 0600,  , EX, 57.4N,  27.4W,50.0,958.0,420.0,120.0,150.0,270.0,0.0,0.0,0.0,120.0,0.0,0.0,0.0,0.0
56537,              NIGEL,46,9/24/2023,1200,  , EX, 56.1N,  26.7W,45.0,961.0,570.0,510.0,420.0,420.0,0.0,0.0,0.0,0.0,0.0,0.0,0.0,0.0
56538,              NIGEL,46,9/24/2023,1800,  , EX, 56.4N,  23.5W,45.0,964.0,540.0,390.0,360.0,480.0,0.0,0.0,0.0,0.0,0.0,0.0,0.0,0.0
56539,              NIGEL,46,9/25/2023, 0000,  , EX, 58.0N,  20.9W,40.0,969.0,420.0,360.0,420.0,540.0,0.0,0.0,0.0,0.0,0.0,0.0,0.0,0.0
56540,              NIGEL,46,9/25/2023, 0600,  , EX, 60.1N,  18.6W,40.0,971.0,420.0,360.0,420.0,540.0,0.0,0.0,0.0,0.0,0.0,0.0,0.0,0.0
56541,              NIGEL,46,9/25/2023,1200,  , EX, 61.0N,  18.5W,40.0,972.0,420.0,360.0,420.0,540.0,0.0,0.0,0.0,0.0,0.0,0.0,0.0,0.0
56542,              NIGEL,46,9/25/2023,1800,  , EX, 61.5N,  19.4W,40.0,974.0,420.0,360.0,420.0,540.0,0.0,0.0,0.0,0.0,0.0,0.0,0.0,0.0
56543,              NIGEL,46,9/26/2023, 0000,  , EX, 61.5N,  20.9W,40.0,976.0,420.0,360.0,420.0,540.0,0.0,0.0,0.0,0.0,0.0,0.0,0.0,0.0
56544,              NIGEL,46,9/26/2023, 0600,  , EX, 61.5N,  22.5W,40.0,977.0,420.0,360.0,420.0,540.0,0.0,0.0,0.0,0.0,0.0,0.0,0.0,0.0
56545,              NIGEL,46,9/26/2023,1200,  , EX, 61.5N,  23.3W,40.0,977.0,420.0,360.0,420.0,540.0,0.0,0.0,0.0,0.0,0.0,0.0,0.0,0.0
56547,            OPHELIA,15,9/21/2023,1200,  , EX, 28.5N,  76.0W,30.0,1012.0,0.0,0.0,0.0,0.0,0.0,0.0,0.0,0.0,0.0,0.0,0.0,0.0
56548,            OPHELIA,15,9/21/2023,1800,  , EX, 29.0N,  75.6W,30.0,1012.0,0.0,0.0,0.0,0.0,0.0,0.0,0.0,0.0,0.0,0.0,0.0,0.0
56549,            OPHELIA,15,9/22/2023, 0000,  , EX, 29.5N,  75.3W,35.0,1008.0,210.0,0.0,0.0,180.0,0.0,0.0,0.0,0.0,0.0,0.0,0.0,0.0
56550,            OPHELIA,15,9/22/2023, 0600,  , EX, 30.3N,  75.1W,40.0,1002.0,210.0,0.0,0.0,180.0,0.0,0.0,0.0,0.0,0.0,0.0,0.0,0.0
56551,            OPHELIA,15,9/22/2023,1200,  , EX, 31.6N,  75.5W,50.0,996.0,240.0,0.0,60.0,180.0,0.0,0.0,0.0,90.0,0.0,0.0,0.0,0.0
56552,            OPHELIA,15,9/22/2023,1800,  , TS, 32.7N,  76.1W,60.0,989.0,270.0,70.0,70.0,160.0,0.0,0.0,40.0,80.0,0.0,0.0,0.0,0.0
56553,            OPHELIA,15,9/23/2023, 0000,  , TS, 33.3N,  76.6W,60.0,983.0,270.0,90.0,120.0,120.0,0.0,0.0,60.0,60.0,0.0,0.0,0.0,0.0
56554,            OPHELIA,15,9/23/2023, 0600,  , TS, 33.8N,  77.1W,60.0,981.0,270.0,90.0,120.0,90.0,40.0,40.0,50.0,60.0,0.0,0.0,0.0,0.0
56556,            OPHELIA,15,9/23/2023,1200,  , TS, 35.1N,  77.1W,50.0,982.0,270.0,120.0,80.0,60.0,40.0,40.0,0.0,40.0,0.0,0.0,0.0,0.0
56557,            OPHELIA,15,9/23/2023,1800,  , TS, 36.3N,  77.5W,40.0,997.0,270.0,120.0,0.0,40.0,0.0,0.0,0.0,0.0,0.0,0.0,0.0,0.0
56558,            OPHELIA,15,9/24/2023, 0000,  , EX, 36.8N,  77.6W,30.0,1002.0,0.0,0.0,0.0,0.0,0.0,0.0,0.0,0.0,0.0,0.0,0.0,0.0
56559,            OPHELIA,15,9/24/2023, 0600,  , EX, 37.2N,  77.6W,25.0,1006.0,0.0,0.0,0.0,0.0,0.0,0.0,0.0,0.0,0.0,0.0,0.0,0.0
56560,            OPHELIA,15,9/24/2023,1200,  , EX, 37.9N,  77.4W,20.0,1009.0,0.0,0.0,0.0,0.0,0.0,0.0,0.0,0.0,0.0,0.0,0.0,0.0
56561,            OPHELIA,15,9/24/2023,1800,  , EX, 38.9N,  76.9W,20.0,1010.0,0.0,0.0,0.0,0.0,0.0,0.0,0.0,0.0,0.0,0.0,0.0,0.0
56563,           PHILIPPE,54,9/23/2023, 0600,  , TD, 15.5N,  36.6W,30.0,1007.0,0.0,0.0,0.0,0.0,0.0,0.0,0.0,0.0,0.0,0.0,0.0,0.0
56564,           PHILIPPE,54,9/23/2023,1200,  , TD, 15.6N,  38.0W,30.0,1007.0,0.0,0.0,0.0,0.0,0.0,0.0,0.0,0.0,0.0,0.0,0.0,0.0
56565,           PHILIPPE,54,9/23/2023,1800,  , TS, 15.7N,  39.1W,35.0,1005.0,100.0,0.0,0.0,0.0,0.0,0.0,0.0,0.0,0.0,0.0,0.0,0.0
56566,           PHILIPPE,54,9/24/2023, 0000,  , TS, 15.8N,  39.8W,40.0,1003.0,100.0,0.0,0.0,0.0,0.0,0.0,0.0,0.0,0.0,0.0,0.0,0.0
56567,           PHILIPPE,54,9/24/2023, 0600,  , TS, 16.0N,  40.5W,45.0,1001.0,100.0,60.0,0.0,0.0,0.0,0.0,0.0,0.0,0.0,0.0,0.0,0.0
56568,           PHILIPPE,54,9/24/2023,1200,  , TS, 16.3N,  41.3W,45.0,1000.0,100.0,80.0,0.0,80.0,0.0,0.0,0.0,0.0,0.0,0.0,0.0,0.0
56569,           PHILIPPE,54,9/24/2023,1800,  , TS, 16.6N,  42.0W,45.0,1000.0,100.0,80.0,0.0,80.0,0.0,0.0,0.0,0.0,0.0,0.0,0.0,0.0
56570,           PHILIPPE,54,9/25/2023, 0000,  , TS, 16.9N,  42.9W,45.0,1000.0,100.0,70.0,0.0,70.0,0.0,0.0,0.0,0.0,0.0,0.0,0.0,0.0
56571,           PHILIPPE,54,9/25/2023, 0600,  , TS, 17.1N,  43.8W,50.0,998.0,100.0,70.0,0.0,70.0,30.0,0.0,0.0,0.0,0.0,0.0,0.0,0.0
56572,           PHILIPPE,54,9/25/2023,1200,  , TS, 17.1N,  44.8W,50.0,998.0,100.0,70.0,0.0,70.0,30.0,0.0,0.0,0.0,0.0,0.0,0.0,0.0
56573,           PHILIPPE,54,9/25/2023,1800,  , TS, 17.1N,  46.2W,45.0,1000.0,110.0,100.0,0.0,50.0,0.0,0.0,0.0,0.0,0.0,0.0,0.0,0.0
56574,           PHILIPPE,54,9/26/2023, 0000,  , TS, 17.4N,  47.3W,45.0,1001.0,130.0,150.0,0.0,50.0,0.0,0.0,0.0,0.0,0.0,0.0,0.0,0.0
56575,           PHILIPPE,54,9/26/2023, 0600,  , TS, 17.5N,  48.5W,45.0,1001.0,140.0,150.0,0.0,50.0,0.0,0.0,0.0,0.0,0.0,0.0,0.0,0.0
56576,           PHILIPPE,54,9/26/2023,1200,  , TS, 17.4N,  49.7W,40.0,1003.0,150.0,150.0,0.0,0.0,0.0,0.0,0.0,0.0,0.0,0.0,0.0,0.0
56577,           PHILIPPE,54,9/26/2023,1800,  , TS, 17.1N,  50.8W,40.0,1003.0,170.0,160.0,0.0,0.0,0.0,0.0,0.0,0.0,0.0,0.0,0.0,0.0
56578,           PHILIPPE,54,9/27/2023, 0000,  , TS, 17.2N,  51.6W,40.0,1003.0,190.0,170.0,0.0,0.0,0.0,0.0,0.0,0.0,0.0,0.0,0.0,0.0
56579,           PHILIPPE,54,9/27/2023, 0600,  , TS, 17.4N,  52.3W,40.0,1003.0,170.0,170.0,0.0,0.0,0.0,0.0,0.0,0.0,0.0,0.0,0.0,0.0
56580,           PHILIPPE,54,9/27/2023,1200,  , TS, 17.5N,  53.0W,45.0,1000.0,150.0,130.0,0.0,0.0,0.0,0.0,0.0,0.0,0.0,0.0,0.0,0.0
56581,           PHILIPPE,54,9/27/2023,1800,  , TS, 17.8N,  53.7W,45.0,1000.0,140.0,130.0,0.0,0.0,0.0,0.0,0.0,0.0,0.0,0.0,0.0,0.0
56582,           PHILIPPE,54,9/28/2023, 0000,  , TS, 18.1N,  54.3W,40.0,1002.0,130.0,130.0,0.0,0.0,0.0,0.0,0.0,0.0,0.0,0.0,0.0,0.0
56583,           PHILIPPE,54,9/28/2023, 0600,  , TS, 18.5N,  54.5W,40.0,1002.0,120.0,120.0,0.0,0.0,0.0,0.0,0.0,0.0,0.0,0.0,0.0,0.0
56584,           PHILIPPE,54,9/28/2023,1200,  , TS, 18.7N,  54.7W,40.0,1002.0,120.0,120.0,0.0,0.0,0.0,0.0,0.0,0.0,0.0,0.0,0.0,0.0
56585,           PHILIPPE,54,9/28/2023,1800,  , TS, 18.6N,  54.8W,40.0,1002.0,110.0,110.0,0.0,0.0,0.0,0.0,0.0,0.0,0.0,0.0,0.0,0.0
56586,           PHILIPPE,54,9/29/2023, 0000,  , TS, 18.5N,  54.9W,40.0,1002.0,110.0,110.0,0.0,0.0,0.0,0.0,0.0,0.0,0.0,0.0,0.0,0.0
56587,           PHILIPPE,54,9/29/2023, 0600,  , TS, 18.4N,  55.0W,40.0,1002.0,100.0,110.0,0.0,0.0,0.0,0.0,0.0,0.0,0.0,0.0,0.0,0.0
56588,           PHILIPPE,54,9/29/2023,1200,  , TS, 18.2N,  55.3W,45.0,1002.0,100.0,110.0,0.0,0.0,0.0,0.0,0.0,0.0,0.0,0.0,0.0,0.0
56589,           PHILIPPE,54,9/29/2023,1800,  , TS, 18.0N,  55.6W,45.0,1002.0,90.0,120.0,0.0,0.0,0.0,0.0,0.0,0.0,0.0,0.0,0.0,0.0
56590,           PHILIPPE,54,9/30/2023, 0000,  , TS, 17.6N,  55.7W,45.0,1001.0,90.0,120.0,0.0,0.0,0.0,0.0,0.0,0.0,0.0,0.0,0.0,0.0
56591,           PHILIPPE,54,9/30/2023, 0600,  , TS, 17.2N,  55.8W,45.0,999.0,90.0,120.0,0.0,70.0,0.0,0.0,0.0,0.0,0.0,0.0,0.0,0.0
56592,           PHILIPPE,54,9/30/2023,1200,  , TS, 16.8N,  56.0W,45.0,999.0,100.0,120.0,0.0,70.0,0.0,0.0,0.0,0.0,0.0,0.0,0.0,0.0
56593,           PHILIPPE,54,9/30/2023,1800,  , TS, 16.4N,  56.3W,50.0,998.0,110.0,130.0,0.0,80.0,0.0,70.0,0.0,0.0,0.0,0.0,0.0,0.0
56618,               RINA,16,9/28/2023, 0600,  , TS, 15.6N,  44.5W,35.0,1005.0,60.0,50.0,0.0,0.0,0.0,0.0,0.0,0.0,0.0,0.0,0.0,0.0
56619,               RINA,16,9/28/2023,1200,  , TS, 16.9N,  45.1W,35.0,1004.0,80.0,60.0,0.0,0.0,0.0,0.0,0.0,0.0,0.0,0.0,0.0,0.0
56620,               RINA,16,9/28/2023,1800,  , TS, 17.7N,  45.8W,35.0,1004.0,80.0,60.0,0.0,0.0,0.0,0.0,0.0,0.0,0.0,0.0,0.0,0.0
56621,               RINA,16,9/29/2023, 0000,  , TS, 18.2N,  46.2W,40.0,1002.0,80.0,80.0,0.0,0.0,0.0,0.0,0.0,0.0,0.0,0.0,0.0,0.0
56622,               RINA,16,9/29/2023, 0600,  , TS, 18.6N,  46.4W,45.0,999.0,90.0,100.0,0.0,0.0,0.0,0.0,0.0,0.0,0.0,0.0,0.0,0.0
56623,               RINA,16,9/29/2023,1200,  , TS, 19.1N,  46.7W,45.0,999.0,90.0,120.0,0.0,0.0,0.0,0.0,0.0,0.0,0.0,0.0,0.0,0.0
56624,               RINA,16,9/29/2023,1800,  , TS, 19.8N,  47.5W,45.0,1000.0,100.0,130.0,0.0,0.0,0.0,0.0,0.0,0.0,0.0,0.0,0.0,0.0
56625,               RINA,16,9/30/2023, 0000,  , TS, 20.2N,  48.4W,45.0,1000.0,100.0,130.0,0.0,60.0,0.0,0.0,0.0,0.0,0.0,0.0,0.0,0.0
56626,               RINA,16,9/30/2023, 0600,  , TS, 20.5N,  49.1W,45.0,1000.0,90.0,100.0,0.0,60.0,0.0,0.0,0.0,0.0,0.0,0.0,0.0,0.0
56627,               RINA,16,9/30/2023,1200,  , TS, 21.0N,  50.0W,40.0,1002.0,70.0,60.0,0.0,0.0,0.0,0.0,0.0,0.0,0.0,0.0,0.0,0.0
56628,               RINA,16,9/30/2023,1800,  , TS, 22.1N,  51.0W,40.0,1004.0,70.0,60.0,0.0,0.0,0.0,0.0,0.0,0.0,0.0,0.0,0.0,0.0
